model,pass@1_acc,pass@1_f1,pass@1_auc,pass@5_acc,pass@5_f1,pass@5_auc
qwen3-8b,0.03766902768834514,0.02021996375131768,0.5033511810145817,0.06535737282678686,0.021418912203855688,0.5033758100975122
qwen3-32b,0.06632324533161622,0.04314520161291275,0.5076391337826177,0.06632324533161622,0.04314520161291275,0.5076391337826177
olmo3-7b,0.0180296200901481,0.002530044275774826,0.5,0.0180296200901481,0.002530044275774826,0.5
olmo3-1-32b,0.1258853831294269,0.05875575481609911,0.5121016132837822,0.1258853831294269,0.05875575481609911,0.5121016132837822
falcon3-10b,0.06761107533805538,0.04437242679442876,0.5041026393917919,0.09690920798454604,0.0418645709480833,0.5019249396554686
apertus-8b,0.02092723760463619,0.005987871297233739,0.5003014474847054,0.02414681262073406,0.005815386357461455,0.5003826682134291
ministral-8b,0.031551835157759174,0.013029659117657003,0.5030456137516705,0.03766902768834514,0.011390418197269403,0.5020010966150698
