model,pass@1_acc,pass@1_f1,pass@1_auc,pass@5_acc,pass@5_f1,pass@5_auc
qwen3-8b,0.03146853146853147,0.027981327352310802,0.5050263814854912,0.03146853146853147,0.027981327352310802,0.5050263814854912
qwen3-32b,0.22377622377622378,0.04807189483362066,0.49820759992033986,0.3321678321678322,0.05052004964337045,0.5003478563328342
olmo3-7b,0.0,0.0,0.5,0.0,0.0,0.5
olmo3-1-32b,0.2762237762237762,0.0816952808787649,0.5173625549790125,0.2762237762237762,0.0816952808787649,0.5173625549790125
falcon3-10b,0.0944055944055944,0.031374566028031375,0.5055903845337889,0.0944055944055944,0.031374566028031375,0.5055903845337889
apertus-8b,0.04195804195804196,0.02217613659429516,0.5112028571662738,0.04195804195804196,0.02217613659429516,0.5112028571662738
ministral-8b,0.0,0.0,0.4996721949158655,0.0,0.0,0.4997377559326924
