model,pass@1_acc,pass@1_f1,pass@1_auc,pass@5_acc,pass@5_f1,pass@5_auc
qwen3-8b,0.030093093743234465,0.018065759133221594,0.5008046258335763,0.040484953453128386,0.01888274679130819,0.5013194878654602
qwen3-32b,0.054990257631521974,0.03480907707858859,0.500940532388093,0.07101104135094176,0.03565894082192049,0.5011672601495336
olmo3-7b,0.012556830482788483,0.0017715874034026698,0.5,0.012556830482788483,0.0017715874034026698,0.5
olmo3-1-32b,0.16020783719419787,0.0671365856488458,0.513336797446519,0.19571335786966876,0.06765063042211943,0.5133506805151116
falcon3-10b,0.057588222558995456,0.03579142032402554,0.5004021014822387,0.08161939813812513,0.03833451625355012,0.5018269489431988
apertus-8b,0.024464169733708595,0.01265176268078924,0.5025772664201248,0.0409179476077073,0.013631759370732839,0.502995350559244
ministral-8b,0.02100021649707729,0.008588063974202715,0.49951475687529484,0.030959082052392294,0.009309080651618515,0.49946424005285095
