model,pass@1_acc,pass@1_f1,pass@1_auc,pass@5_acc,pass@5_f1,pass@5_auc
qwen3-8b,0.02832244008714597,0.020299705994413986,0.49459677045156264,0.0718954248366013,0.026158420495205472,0.4983447752703018
qwen3-32b,0.19607843137254902,0.08378610291097467,0.5196616196126105,0.2984749455337691,0.07698160922968732,0.5188127999409341
olmo3-7b,0.0,0.0,0.5,0.0,0.0,0.5
olmo3-1-32b,0.20043572984749455,0.09352717125091982,0.519676772148235,0.23311546840958605,0.09364561364252677,0.5176201310860818
falcon3-10b,0.08714596949891068,0.04314248744890566,0.5065817301708054,0.10239651416122005,0.04632350166747045,0.5103589719797165
apertus-8b,0.058823529411764705,0.018754533152366255,0.5122142225187255,0.11982570806100218,0.008704522698151996,0.5092345768106372
ministral-8b,0.02832244008714597,0.02739520374645924,0.5051773579101163,0.054466230936819175,0.013927645923224749,0.5007495906252323
