model,pass@1_acc,pass@1_f1,pass@1_auc,pass@5_acc,pass@5_f1,pass@5_auc
qwen3-8b,0.046242774566473986,0.033826802128688924,0.502434231850552,0.14450867052023122,0.03331222463339905,0.5022585743719236
qwen3-32b,0.08092485549132948,0.03234513502370645,0.48682994387723966,0.26011560693641617,0.04449032299578886,0.5084574015285521
olmo3-7b,0.0,0.0,0.5,0.0,0.0,0.5
olmo3-1-32b,0.12138728323699421,0.08648990898613156,0.5257129014931956,0.2138728323699422,0.10145297620908993,0.5379461793232034
falcon3-10b,0.023121387283236993,0.03197454420364637,0.5001794810950121,0.05202312138728324,0.022085254612090568,0.4960943467659622
apertus-8b,0.046242774566473986,0.03708022308022308,0.5019527851113739,0.1907514450867052,0.02462196903151816,0.5062914356717461
ministral-8b,0.0,0.0,0.4994058229352347,0.005780346820809248,0.0028490028490028487,0.5001890664691964
