model,pass@1_acc,pass@1_f1,pass@1_auc,pass@5_acc,pass@5_f1,pass@5_auc
qwen3-8b,0.01982815598149372,0.012314873277591145,0.5046392722028801,0.09120951751487112,0.015273533237417803,0.5020414056111355
qwen3-32b,0.05221414408460013,0.02879383012828423,0.5149974545402215,0.16523463317911435,0.029145878441231243,0.5071527372172071
olmo3-7b,0.0013218770654329147,0.0002030972328002031,0.5,0.0013218770654329147,0.0002030972328002031,0.5
olmo3-1-32b,0.19299405155320556,0.0582430145849853,0.5007237552726769,0.33509583608724386,0.06020271329810754,0.5161911191539255
falcon3-10b,0.10310641110376735,0.04336400702039384,0.510202139863497,0.1599471249173827,0.04008109195451861,0.5198572944708053
apertus-8b,0.011896893588896233,0.009593795685678846,0.5035433929219861,0.05287508261731659,0.010199255028573564,0.49635655638269
ministral-8b,0.010575016523463317,0.006248399767875757,0.5027070272283468,0.051553205551883675,0.008113347454775629,0.5033625568845066
