model,pass@1_acc,pass@1_f1,pass@1_auc,pass@5_acc,pass@5_f1,pass@5_auc
qwen3-8b,0.4652201659221442,0.060839637432794746,0.5051848884546781,0.4652201659221442,0.060839637432794746,0.5051848884546781
qwen3-32b,0.4530950861518826,0.06041205956066637,0.5046798615587358,0.5481812380344607,0.061508702547337424,0.50609854336655
olmo3-7b,0.5047862156987875,0.05160827298231878,0.5,0.5047862156987875,0.05160827298231878,0.5
olmo3-1-32b,0.3688576898532227,0.061768475678063366,0.49981884878608057,0.4396936821952776,0.06133121664372817,0.49935222537466395
falcon3-10b,0.4345883854499043,0.0568230195303928,0.5027068291468082,0.4345883854499043,0.0568230195303928,0.5027068291468082
apertus-8b,0.5003190810465858,0.048048048048048055,0.5000395256821422,0.5003190810465858,0.048048048048048055,0.5000395256821422
ministral-8b,0.5079770261646458,0.05947099654818905,0.5042582227872009,0.5079770261646458,0.05947099654818905,0.5042582227872009
