model,pass@1_acc,pass@1_f1,pass@1_auc,pass@5_acc,pass@5_f1,pass@5_auc
qwen3-8b,0.031914893617021274,0.0301994301994302,0.500220793422457,0.031914893617021274,0.0301994301994302,0.500220793422457
qwen3-32b,0.031914893617021274,0.013888888888888888,0.45651151431802084,0.1702127659574468,0.04175544281593661,0.5041988348593257
olmo3-7b,0.0,0.0,0.5,0.0,0.0,0.5
olmo3-1-32b,0.06382978723404255,0.06493506493506493,0.49175470161306034,0.0851063829787234,0.031256211488769635,0.4732289662798215
falcon3-10b,0.0,0.0,0.4863579643575767,0.0,0.0,0.4863579643575767
apertus-8b,0.010638297872340425,0.007246376811594203,0.4824760305959824,0.010638297872340425,0.007246376811594203,0.4824760305959824
ministral-8b,0.0,0.0,0.5,0.0,0.0,0.5
