model,pass@1_acc,pass@1_f1,pass@1_auc,pass@5_acc,pass@5_f1,pass@5_auc
qwen3-8b,0.04603992273019961,0.03148285525343515,0.5039600317761133,0.04603992273019961,0.03148285525343515,0.5039600317761133
qwen3-32b,0.06664520283322602,0.050808471713248746,0.5127597151057918,0.06664520283322602,0.050808471713248746,0.5127597151057918
olmo3-7b,0.0180296200901481,0.002530044275774826,0.5,0.0180296200901481,0.002530044275774826,0.5
olmo3-1-32b,0.11268512556342562,0.0605895043246669,0.512985674600334,0.14906632324533162,0.05994664966017888,0.5122281210427472
falcon3-10b,0.058918222794591114,0.040103527689948223,0.502327063380397,0.1107533805537669,0.03843870526807392,0.5013788395199549
apertus-8b,0.025112685125563427,0.01041732003434361,0.5009673634107419,0.025112685125563427,0.01041732003434361,0.5009673634107419
ministral-8b,0.028332260141661302,0.014236427137969935,0.5014549338042149,0.047327752736638765,0.014899918978405419,0.5014253780485697
