model,pass@1_acc,pass@1_f1,pass@1_auc,pass@5_acc,pass@5_f1,pass@5_auc
qwen3-8b,0.024475524475524476,0.019126579821944063,0.5002284568252962,0.03146853146853147,0.024519252566991674,0.5036344590687114
qwen3-32b,0.23076923076923078,0.05859958844188721,0.505361792653601,0.3076923076923077,0.05321872155441525,0.5049050997391656
olmo3-7b,0.0,0.0,0.5,0.0,0.0,0.5
olmo3-1-32b,0.26573426573426573,0.08431816865651702,0.5172877893542536,0.26573426573426573,0.08431816865651702,0.5172877893542536
falcon3-10b,0.14335664335664336,0.05761571761571761,0.5184433209787003,0.20279720279720279,0.05100834974266228,0.5172671667215275
apertus-8b,0.05944055944055944,0.0222985007050532,0.5057283476760368,0.05944055944055944,0.0222985007050532,0.5057283476760368
ministral-8b,0.0,0.0,0.4993224932249323,0.0,0.0,0.49929684475416186
