model,pass@1_acc,pass@1_f1,pass@1_auc,pass@5_acc,pass@5_f1,pass@5_auc
qwen3-8b,0.026143790849673203,0.022906505741500202,0.49774723047931035,0.0915032679738562,0.03296909228402018,0.502275255290316
qwen3-32b,0.18518518518518517,0.0545656012448799,0.5028572747443584,0.2984749455337691,0.047442112573997185,0.5055089451102974
olmo3-7b,0.0,0.0,0.5,0.0,0.0,0.5
olmo3-1-32b,0.2113289760348584,0.11349972853261471,0.52764979347717,0.23965141612200436,0.12047872985508289,0.5346669950460892
falcon3-10b,0.06100217864923747,0.03375149787983266,0.500698000919546,0.06971677559912855,0.03580673074468119,0.504515766292813
apertus-8b,0.026143790849673203,0.015049069101783304,0.4953895993486109,0.06753812636165578,0.00730131039603469,0.49256300332375175
ministral-8b,0.002178649237472767,0.002403846153846154,0.5005167416815822,0.004357298474945534,0.0012607937136239024,0.49999051075020945
