model,pass@1_acc,pass@1_f1,pass@1_auc,pass@5_acc,pass@5_f1,pass@5_auc
qwen3-8b,0.03355704697986577,0.01993400831152569,0.5017552792857535,0.0723100238146785,0.02141593566552355,0.502146103842252
qwen3-32b,0.07577397705130981,0.05372156514068905,0.5088688285127712,0.10911452695388613,0.05340566148602428,0.5085485238314242
olmo3-7b,0.012556830482788483,0.0017715874034026698,0.5,0.012556830482788483,0.0017715874034026698,0.5
olmo3-1-32b,0.14548603593851483,0.0648861275069322,0.5132984026832441,0.19030093093743233,0.06542609607422238,0.513187816127291
falcon3-10b,0.07209352673738904,0.03977287046490014,0.5055713748599399,0.11690842173630656,0.04190711330565537,0.5062988639293379
apertus-8b,0.02229919896081403,0.01005050939374846,0.50234143127787,0.04308291838060186,0.011967225859578096,0.5029490256474072
ministral-8b,0.026845637583892617,0.024964707653932643,0.5050192921557319,0.04892833946741719,0.01829511330887065,0.5029053719921992
