model,pass@1_acc,pass@1_f1,pass@1_auc,pass@5_acc,pass@5_f1,pass@5_auc
qwen3-8b,0.03463953236631306,0.019711770766116642,0.49934854167490667,0.04719636284910154,0.020491244194148963,0.4995932255998667
qwen3-32b,0.0493613336219961,0.03524498444745555,0.5028331206907904,0.06429963195496861,0.03459408277704742,0.5027119902868317
olmo3-7b,0.012556830482788483,0.0017715874034026698,0.5,0.012556830482788483,0.0017715874034026698,0.5
olmo3-1-32b,0.15046546871617233,0.06922181859962252,0.5175906386346266,0.2138991123619831,0.06832024266875948,0.5155049733432088
falcon3-10b,0.05217579562675904,0.031881652869959524,0.500016223088942,0.10933102403117557,0.03300447452648686,0.5007356979212666
apertus-8b,0.022082701883524573,0.013418536447554816,0.5023512439687352,0.037886988525654905,0.011935764847717498,0.5017074685048838
ministral-8b,0.021433210651656202,0.010574748598009423,0.5007372520581148,0.03810348560294436,0.010846554556952635,0.5005722025109441
