model,pass@1_acc,pass@1_f1,pass@1_auc,pass@5_acc,pass@5_f1,pass@5_auc
qwen3-8b,0.037037037037037035,0.038003118500539286,0.5040396555508774,0.08714596949891068,0.03733409509282428,0.5040784089368225
qwen3-32b,0.18518518518518517,0.06824604266071013,0.5142957407625687,0.28322440087145967,0.056478064543835936,0.5097812979260656
olmo3-7b,0.0,0.0,0.5,0.0,0.0,0.5
olmo3-1-32b,0.21350762527233116,0.10465678344102342,0.527777765396817,0.2440087145969499,0.10371563403374684,0.5245042435278697
falcon3-10b,0.10239651416122005,0.04285353454174816,0.5043746021564685,0.14814814814814814,0.046453788922102585,0.5110453418345869
apertus-8b,0.06318082788671024,0.01635976325631498,0.5032487189787549,0.12200435729847495,0.0091063930672365,0.5054495225893096
ministral-8b,0.026143790849673203,0.023393308387003216,0.5023089952984127,0.054466230936819175,0.020744749162723546,0.5027638958320407
