model,pass@1_acc,pass@1_f1,pass@1_auc,pass@5_acc,pass@5_f1,pass@5_auc
qwen3-8b,0.02097902097902098,0.00965015793551463,0.49575699434926307,0.02097902097902098,0.00965015793551463,0.49575699434926307
qwen3-32b,0.24475524475524477,0.08110775849416033,0.5201381327863315,0.3181818181818182,0.07381296445219379,0.5166805249166707
olmo3-7b,0.0,0.0,0.5,0.0,0.0,0.5
olmo3-1-32b,0.25874125874125875,0.08702035163642244,0.5131537344889103,0.25874125874125875,0.08702035163642244,0.5131537344889103
falcon3-10b,0.11888111888111888,0.03973572675143355,0.509699206352924,0.11888111888111888,0.03973572675143355,0.509699206352924
apertus-8b,0.03496503496503497,0.014866733770325453,0.49962653437895926,0.06643356643356643,0.013111977324951857,0.5009410179496243
ministral-8b,0.0,0.0,0.49983062330623307,0.0,0.0,0.49983062330623307
