model,pass@1_acc,pass@1_f1,pass@1_auc,pass@5_acc,pass@5_f1,pass@5_auc
qwen3-8b,0.040888602704443014,0.02734591154766109,0.5041471542249373,0.040888602704443014,0.02734591154766109,0.5041471542249373
qwen3-32b,0.07437218287186091,0.05289214195382377,0.513434119793679,0.07437218287186091,0.05289214195382377,0.513434119793679
olmo3-7b,0.0180296200901481,0.002530044275774826,0.5,0.0180296200901481,0.002530044275774826,0.5
olmo3-1-32b,0.12169993560849968,0.05845078907695274,0.5106633171919851,0.12169993560849968,0.05845078907695274,0.5106633171919851
falcon3-10b,0.06857694784288473,0.047605702055929636,0.5086756638952387,0.06857694784288473,0.047605702055929636,0.5086756638952387
apertus-8b,0.028332260141661302,0.015026551569252257,0.5036160982772736,0.030585962652929812,0.013047336313304287,0.5028846083254084
ministral-8b,0.028010302640051513,0.011994333912172752,0.5001355227046108,0.0360592401802962,0.011469651547329207,0.4997375657077624
