model,pass@1_acc,pass@1_f1,pass@1_auc,pass@5_acc,pass@5_f1,pass@5_auc
qwen3-8b,0.024475524475524476,0.02680133591898298,0.5008192059533995,0.045454545454545456,0.0347581648075434,0.5026992084618649
qwen3-32b,0.23076923076923078,0.05241129241129241,0.501073744159113,0.3076923076923077,0.048379479793273214,0.49970425066328517
olmo3-7b,0.0,0.0,0.5,0.0,0.0,0.5
olmo3-1-32b,0.26573426573426573,0.09044199335851474,0.5249817360232725,0.26573426573426573,0.09044199335851474,0.5249817360232725
falcon3-10b,0.08041958041958042,0.03140888961784484,0.5057845774575136,0.08041958041958042,0.03140888961784484,0.5057845774575136
apertus-8b,0.006993006993006993,0.0011293054771315642,0.48698102495014134,0.03146853146853147,0.0034261507405429522,0.48851747011144764
ministral-8b,0.0,0.0,0.49983062330623307,0.0,0.0,0.49983062330623307
