model,pass@1_acc,pass@1_f1,pass@1_auc,pass@5_acc,pass@5_f1,pass@5_auc
qwen3-8b,0.03960077269800386,0.028225554311136245,0.5046489235886659,0.06632324533161622,0.029532616157697467,0.5047846314298876
qwen3-32b,0.08821635544108178,0.06648791725720701,0.5142862119249323,0.08821635544108178,0.06648791725720701,0.5142862119249323
olmo3-7b,0.0180296200901481,0.002530044275774826,0.5,0.0180296200901481,0.002530044275774826,0.5
olmo3-1-32b,0.11622665808113329,0.056139812595818676,0.5090424507669947,0.11622665808113329,0.056139812595818676,0.5090424507669947
falcon3-10b,0.05988409529942048,0.03182519858076068,0.500249099678896,0.09658725048293625,0.032616343603565134,0.5003847416315431
apertus-8b,0.027688345138441726,0.011090232092541995,0.5023715317607237,0.03766902768834514,0.011602369988028046,0.5025417562729277
ministral-8b,0.031229877656149388,0.023712638433226445,0.5048846509856293,0.046683837733419185,0.022534061994600778,0.5042785259617725
