model,pass@1_acc,pass@1_f1,pass@1_auc,pass@5_acc,pass@5_f1,pass@5_auc
qwen3-8b,0.024475524475524476,0.03096519493578317,0.5001170603703585,0.045454545454545456,0.04015027589516948,0.5022918088721346
qwen3-32b,0.23076923076923078,0.06047456816687586,0.5000438552659047,0.3181818181818182,0.056393410402867564,0.4991611645319009
olmo3-7b,0.0,0.0,0.5,0.0,0.0,0.5
olmo3-1-32b,0.26573426573426573,0.10488577733600468,0.5264499762605723,0.26573426573426573,0.10488577733600468,0.5264499762605723
falcon3-10b,0.08741258741258741,0.043890081365746514,0.5079711567648192,0.08741258741258741,0.043890081365746514,0.5079711567648192
apertus-8b,0.006993006993006993,0.001367053998632946,0.48523335367353,0.03146853146853147,0.00382460098759039,0.4866984238061629
ministral-8b,0.0,0.0,0.4998144712430426,0.0,0.0,0.4998144712430426
