model,pass@1_acc,pass@1_f1,pass@1_auc,pass@5_acc,pass@5_f1,pass@5_auc
qwen3-8b,0.009253139458030404,0.0035743352465542463,0.5015257579473584,0.04560475875743556,0.00653385670245067,0.49871470350279024
qwen3-32b,0.019167217448777262,0.016804482269272145,0.5062472641403153,0.05816259087904825,0.008669986210460983,0.4956978583314698
olmo3-7b,0.0013218770654329147,0.0002030972328002031,0.5,0.0013218770654329147,0.0002030972328002031,0.5
olmo3-1-32b,0.23595505617977527,0.06803125859382063,0.5077799987321688,0.34038334434897555,0.06344539742350788,0.5071093743930611
falcon3-10b,0.03304692663582287,0.02115531679665623,0.51529597532769,0.09715796430931924,0.020028448322672882,0.5116437739561492
apertus-8b,0.021810971579643092,0.015479077330845187,0.5058019750377333,0.06212822207534699,0.009933131214525543,0.503909663314175
ministral-8b,0.006609385327164574,0.005869509680498244,0.5022902098246622,0.018506278916060808,0.002699742627247023,0.501148804797324
