model,pass@1_acc,pass@1_f1,pass@1_auc,pass@5_acc,pass@5_f1,pass@5_auc
qwen3-8b,0.07514450867052024,0.07929181383621647,0.517195018019807,0.15606936416184972,0.05347948108237318,0.5053376342804191
qwen3-32b,0.10404624277456648,0.055157320812051824,0.5052727293586091,0.2832369942196532,0.05316209217363927,0.5162675186162106
olmo3-7b,0.0,0.0,0.5,0.0,0.0,0.5
olmo3-1-32b,0.1329479768786127,0.08614935674084849,0.5226716769696313,0.23121387283236994,0.08533509618161862,0.5251663304277036
falcon3-10b,0.04046242774566474,0.03263570939512019,0.5016232748508302,0.06358381502890173,0.02506723507244738,0.49888088515462103
apertus-8b,0.057803468208092484,0.019702217804684598,0.5013884441543687,0.24855491329479767,0.011988293923374102,0.5055078293386447
ministral-8b,0.028901734104046242,0.023417071917671676,0.4920195268049705,0.15606936416184972,0.023908555632913473,0.49914713598549504
