model,pass@1_acc,pass@1_f1,pass@1_auc,pass@5_acc,pass@5_f1,pass@5_auc
qwen3-8b,0.008592200925313946,0.002929817591471727,0.5013249493132468,0.0449438202247191,0.007359100662243613,0.5027411241370908
qwen3-32b,0.01784534038334435,0.007903734574310761,0.48428965458587786,0.06278916060806344,0.007921141328945428,0.49571077162553695
olmo3-7b,0.0013218770654329147,0.0002030972328002031,0.5,0.0013218770654329147,0.0002030972328002031,0.5
olmo3-1-32b,0.23661599471249173,0.07572027480119514,0.5298619153162472,0.34038334434897555,0.06880585603801766,0.5141769516310866
falcon3-10b,0.03238598810310641,0.021321124004551852,0.5161807835038006,0.1130204890945142,0.021461769582798385,0.5122975553928184
apertus-8b,0.013218770654329148,0.008470795267906587,0.50323769678314,0.056840713813615336,0.008996200771465497,0.49622673710234483
ministral-8b,0.008592200925313946,0.003992705735111413,0.5015893206161072,0.02511566424322538,0.004118224583316392,0.5015503084092766
