model,pass@1_acc,pass@1_f1,pass@1_auc,pass@5_acc,pass@5_f1,pass@5_auc
qwen3-8b,0.08092485549132948,0.06266234886843314,0.5094798813410123,0.16184971098265896,0.049001140519423635,0.5049524977722203
qwen3-32b,0.11560693641618497,0.06293769138596725,0.5086560738846881,0.27167630057803466,0.060880862556357385,0.5143384233678553
olmo3-7b,0.0,0.0,0.5,0.0,0.0,0.5
olmo3-1-32b,0.13872832369942195,0.08793019104804001,0.5254017114629194,0.19653179190751446,0.07143847150837278,0.5166948252144326
falcon3-10b,0.028901734104046242,0.031442577030812324,0.4959106264833379,0.07514450867052024,0.03426884300445387,0.5035402636554767
apertus-8b,0.10982658959537572,0.03583801783902631,0.5260604034752544,0.2543352601156069,0.012442982658623578,0.5097609165376364
ministral-8b,0.04046242774566474,0.03179303470001144,0.499589354467357,0.13872832369942195,0.02141971855614436,0.49650833453389753
