model,pass@1_acc,pass@1_f1,pass@1_auc,pass@5_acc,pass@5_f1,pass@5_auc
qwen3-8b,0.028144620047629357,0.014317399430852472,0.5019296660609417,0.05932019917731111,0.016018953890977346,0.5019995552111388
qwen3-32b,0.05022732193115393,0.03427448730888373,0.5043405912240418,0.06646460272786317,0.03431430359555254,0.5039572021365897
olmo3-7b,0.012556830482788483,0.0017715874034026698,0.5,0.012556830482788483,0.0017715874034026698,0.5
olmo3-1-32b,0.16475427581727647,0.06999334536912695,0.5174793280535985,0.1980948257198528,0.0701721773294756,0.5170847818950897
falcon3-10b,0.055856245940679804,0.033091522143680184,0.5005419740209872,0.0967741935483871,0.03541673025626224,0.5009051376360286
apertus-8b,0.022082701883524573,0.008927789892844647,0.5008197474835041,0.03767049144836545,0.009196100328280752,0.5009901888887051
ministral-8b,0.023165187269971854,0.010721576511867755,0.502645310002612,0.03117557912968175,0.008289739304578159,0.5013968007404108
