model,pass@1_acc,pass@1_f1,pass@1_auc,pass@5_acc,pass@5_f1,pass@5_auc
qwen3-8b,0.0392156862745098,0.03322407796972723,0.5014238804125616,0.08061002178649238,0.03562023290069272,0.5033427598838582
qwen3-32b,0.1895424836601307,0.06519539450981748,0.5125804825553167,0.3006535947712418,0.05151256841396763,0.507986700091553
olmo3-7b,0.0,0.0,0.5,0.0,0.0,0.5
olmo3-1-32b,0.21568627450980393,0.10295157909257875,0.5272541176158865,0.23965141612200436,0.10239035690983156,0.5248250862104011
falcon3-10b,0.06535947712418301,0.02322286493453922,0.4958635895264854,0.0784313725490196,0.02678207705254906,0.49916910720488694
apertus-8b,0.05228758169934641,0.019630418860181034,0.508650529146768,0.10893246187363835,0.01050202318062293,0.5101233596572174
ministral-8b,0.013071895424836602,0.022852875280059748,0.5017327336777178,0.06535947712418301,0.015123667148201576,0.5010948748516928
