model,pass@1_acc,pass@1_f1,pass@1_auc,pass@5_acc,pass@5_f1,pass@5_auc
qwen3-8b,0.013218770654329148,0.0074597876413769115,0.5027159493296888,0.059484467944481166,0.007636543009485815,0.5029095444554791
qwen3-32b,0.014540647719762063,0.005590302439755239,0.5026317915946366,0.0680766688697951,0.009239581769120892,0.49998077009637953
olmo3-7b,0.0013218770654329147,0.0002030972328002031,0.5,0.0013218770654329147,0.0002030972328002031,0.5
olmo3-1-32b,0.23066754791804361,0.07368198295654427,0.5305789175447345,0.34038334434897555,0.06645384232120037,0.5148429516323575
falcon3-10b,0.0403172504957039,0.021401848228738696,0.5167690311677802,0.10508922670191673,0.01978930388425797,0.515294906511483
apertus-8b,0.01520158625247852,0.00971305032180682,0.5042192033529453,0.06477197620621282,0.008287093402795829,0.4997264525774285
ministral-8b,0.007270323859881031,0.003599432620881645,0.5013454083589038,0.01982815598149372,0.002300802915737734,0.5010588739052438
