model,pass@1_acc,pass@1_f1,pass@1_auc,pass@5_acc,pass@5_f1,pass@5_auc
qwen3-8b,0.08092485549132948,0.0647111508423734,0.511792970077546,0.18497109826589594,0.0663427779713586,0.5110387920277426
qwen3-32b,0.13872832369942195,0.07564977506153978,0.5221801959367998,0.2774566473988439,0.06378163148154214,0.5162330381732451
olmo3-7b,0.0,0.0,0.5,0.0,0.0,0.5
olmo3-1-32b,0.13872832369942195,0.09287348599336931,0.5486580794534955,0.23699421965317918,0.09164616454223473,0.5350004330541521
falcon3-10b,0.05202312138728324,0.04894342338928869,0.5084902454005018,0.08670520231213873,0.03981058046560658,0.5068778992652476
apertus-8b,0.06358381502890173,0.016049519664187516,0.4965051366060752,0.24855491329479767,0.009554074474910301,0.49867609104014127
ministral-8b,0.05202312138728324,0.04025019814493499,0.5042401036889644,0.14450867052023122,0.028057924562106547,0.49871217171717075
