model,pass@1_acc,pass@1_f1,pass@1_auc,pass@5_acc,pass@5_f1,pass@5_auc
qwen3-8b,0.039278815196394076,0.029050906131408937,0.506202852673663,0.039278815196394076,0.029050906131408937,0.506202852673663
qwen3-32b,0.0721184803605924,0.05734096537650759,0.5107716032848271,0.11944623309723117,0.05621736457719354,0.5122801304721954
olmo3-7b,0.0180296200901481,0.002530044275774826,0.5,0.0180296200901481,0.002530044275774826,0.5
olmo3-1-32b,0.12491951062459755,0.05726935099311135,0.5093466029713836,0.12491951062459755,0.05726935099311135,0.5093466029713836
falcon3-10b,0.06632324533161622,0.041498540596885417,0.5018926164771812,0.0956213779781069,0.040585524912495334,0.5015157845841701
apertus-8b,0.0231809401159047,0.010393233232592131,0.5008883723792226,0.0231809401159047,0.010393233232592131,0.5008883723792226
ministral-8b,0.025756600128783,0.010861654428366284,0.500382265172323,0.05634256278171281,0.012832921851128248,0.500600349545459
