model,pass@1_acc,pass@1_f1,pass@1_auc,pass@5_acc,pass@5_f1,pass@5_auc
qwen3-8b,0.02097902097902098,0.029086435601198116,0.5059534058339863,0.038461538461538464,0.02364109994004227,0.5005583652184101
qwen3-32b,0.23426573426573427,0.054965543478933274,0.5147041525302102,0.3111888111888112,0.055190825799734944,0.5114961252094049
olmo3-7b,0.0,0.0,0.5,0.0,0.0,0.5
olmo3-1-32b,0.2692307692307692,0.0862914035505503,0.5194745685419093,0.2692307692307692,0.0862914035505503,0.5194745685419093
falcon3-10b,0.14335664335664336,0.04225597215630438,0.5072118157172474,0.14335664335664336,0.04225597215630438,0.5072118157172474
apertus-8b,0.06293706293706294,0.03791043341768908,0.5110189929134414,0.06293706293706294,0.03791043341768908,0.5110189929134414
ministral-8b,0.0034965034965034965,0.00641025641025641,0.5014728408153647,0.0034965034965034965,0.00641025641025641,0.5014728408153647
